Year,Player,AS.Pos,HT,WT,Team,Selection Type,NBA Draft Status,Nationality,,AllStar
2016,Stephen Curry,G,03-Jun,190,Golden State Warriors,Western All-Star Fan Vote Selection,2009 Rnd 1 Pick 7,United States,,1
2016,James Harden,SG,05-Jun,220,Houston Rockets,Western All-Star Fan Vote Selection,2009 Rnd 1 Pick 3,United States,,1
2016,Kevin Durant,SF,09-Jun,240,Golden State Warriors,Western All-Star Fan Vote Selection,2007 Rnd 1 Pick 2,United States,,1
2016,Kawhi Leonard,F,07-Jun,230,San Antonio Spurs,Western All-Star Fan Vote Selection,2011 Rnd 1 Pick 15,United States,,1
2016,Anthony Davis,PF,11-Jun,253,New Orleans Pelicans,Western All-Star Fan Vote Selection,2012 Rnd 1 Pick 1,United States,,1
2016,Russell Westbrook,G,03-Jun,200,Oklahoma City Thunder,Western All-Star Coaches Selection,2008 Rnd 1 Pick 4,United States,,1
2016,DeMarcus Cousins,C,11-Jun,270,Sacramento Kings,Western All-Star Coaches Selection,2010 Rnd 1 Pick 5,United States,,1
2016,Klay Thompson,G,07-Jun,215,Golden State Warriors,Western All-Star Coaches Selection,2011 Rnd 1 Pick 11,United States,,1
2016,Draymond Green,F,07-Jun,230,Golden State Warriors,Western All-Star Coaches Selection,2012 Rnd 2 Pick 5,United States,,1
2016,Marc Gasol,C,01-Jul,255,Memphis Grizzlies,Western All-Star Coaches Selection,2007 Rnd 2 Pick 18,Spain,,1
2016,DeAndre Jordan,C,11-Jun,265,Los Angeles Clippers,Western All-Star Coaches Selection,2008 Rnd 2 Pick 5,United States,,1
2016,Gordon Hayward,GF,08-Jun,226,Utah Jazz,Western All-Star Coaches Selection,2010 Rnd 1 Pick 9,United States,,1
2016,Kyrie Irving,G,03-Jun,193,Cleveland Cavaliers,Eastern All-Star Fan Vote Selection,2011 Rnd 1 Pick 1,"United States
Australia",,1
2016,DeMar DeRozan,GF,07-Jun,220,Toronto Raptors,Eastern All-Star Fan Vote Selection,2009 Rnd 1 Pick 9,United States,,1
2016,LeBron James,F,08-Jun,250,Cleveland Cavaliers,Eastern All-Star Fan Vote Selection,2003 Rnd 1 Pick 1,United States,,1
2016,Giannis Antetokounmpo,F,11-Jun,222,Milwaukee Bucks,Eastern All-Star Fan Vote Selection,2013 Rnd 1 Pick 15,"Greece
Nigeria",,1
2016,Jimmy Butler,GF,07-Jun,231,Chicago Bulls,Eastern All-Star Fan Vote Selection,2011 Rnd 1 Pick 30,United States,,1
2016,Isaiah Thomas,PG,09-May,185,Boston Celtics,Eastern All-Star Coaches Selection,2011 Rnd 2 Pick 30,United States,,1
2016,John Wall,PG,04-Jun,210,Washington Wizards,Eastern All-Star Coaches Selection,2010 Rnd 1 Pick 1,United States,,1
2016,Kevin Love,FC,10-Jun,251,Cleveland Cavaliers,Eastern All-Star Coaches Selection,2008 Rnd 1 Pick 5,United States,,1
2016,Kyle Lowry,PG,Jun-00,205,Toronto Raptors,Eastern All-Star Coaches Selection,2006 Rnd 1 Pick 24,United States,,1
2016,Paul George,GF,09-Jun,220,Indiana Pacers,Eastern All-Star Coaches Selection,2010 Rnd 1 Pick 10,United States,,1
2016,Kemba Walker,G,01-Jun,184,Charlotte Hornets,Eastern All-Star Coaches Selection,2011 Rnd 1 Pick 9,United States,,1
2016,Paul Millsap,FC,08-Jun,246,Atlanta Hawks,Eastern All-Star Coaches Selection,2006 Rnd 2 Pick 17,United States,,1
2015,LeBron James,F,08-Jun,250,Cleveland Cavaliers,Eastern All-Star Fan Vote Selection,2003 Rnd 1 Pick 1,United States,,1
2015,Dwyane Wade,SG,04-Jun,220,Miami Heat,Eastern All-Star Fan Vote Selection,2003 Rnd 1 Pick 5,United States,,1
2015,Paul George,GF,09-Jun,220,Indiana Pacers,Eastern All-Star Fan Vote Selection,2010 Rnd 1 Pick 10,United States,,1
2015,Carmelo Anthony,F,08-Jun,240,New York Knicks,Eastern All-Star Fan Vote Selection,2003 Rnd 1 Pick 3,United States,,1
2015,Kyle Lowry,PG,Jun-00,205,Toronto Raptors,Eastern All-Star Fan Vote Selection,2006 Rnd 1 Pick 24,United States,,1
2015,Jimmy Butler,GF,07-Jun,231,Chicago Bulls,Eastern All-Star Coaches Selection,2011 Rnd 1 Pick 30,United States,,1
2015,DeMar DeRozan,GF,07-Jun,220,Toronto Raptors,Eastern All-Star Coaches Selection,2009 Rnd 1 Pick 9,United States,,1
2015,Paul Millsap,FC,08-Jun,246,Atlanta Hawks,Eastern All-Star Coaches Selection,2006 Rnd 2 Pick 17,United States,,1
2015,Andre Drummond,C,11-Jun,279,Detroit Pistons,Eastern All-Star Coaches Selection,2012 Rnd 1 Pick 9,United States,,1
2015,Chris Bosh,PF,11-Jun,235,Miami Heat,Eastern All-Star Coaches Selection,2003 Rnd 1 Pick 4,United States,,1
2015,John Wall,PG,04-Jun,210,Washington Wizards,Eastern All-Star Coaches Selection,2010 Rnd 1 Pick 1,United States,,1
2015,Isaiah Thomas,PG,09-May,185,Boston Celtics,Eastern All-Star Coaches Selection,2011 Rnd 2 Pick 30,United States,,1
2015,Pau Gasol,FC,Jul-00,250,Chicago Bulls,Eastern All-Star Replacement Selection,2001 Rnd 1 Pick 3,Spain,,1
2015,Al Horford,FC,10-Jun,245,Atlanta Hawks,Eastern All-Star Replacement Selection,2007 Rnd 1 Pick 3,"Dominican Republic
United States",,1
2015,Kobe Bryant,SG,06-Jun,212,Los Angeles Lakers,Western All-Star Fan Vote Selection,1996 Rnd 1 Pick 13,United States,,1
2015,Kevin Durant,SF,09-Jun,240,Oklahoma City Thunder,Western All-Star Fan Vote Selection,2007 Rnd 1 Pick 2,United States,,1
2015,Kawhi Leonard,F,07-Jun,230,San Antonio Spurs,Western All-Star Fan Vote Selection,2011 Rnd 1 Pick 15,United States,,1
2015,Stephen Curry,G,03-Jun,190,Golden State Warriors,Western All-Star Fan Vote Selection,2009 Rnd 1 Pick 7,United States,,1
2015,Russell Westbrook,G,03-Jun,200,Oklahoma City Thunder,Western All-Star Fan Vote Selection,2008 Rnd 1 Pick 4,United States,,1
2015,Draymond Green,F,07-Jun,230,Golden State Warriors,Western All-Star Coaches Selection,2012 Rnd 2 Pick 5,United States,,1
2015,James Harden,SG,05-Jun,220,Houston Rockets,Western All-Star Coaches Selection,2009 Rnd 1 Pick 3,United States,,1
2015,Chris Paul,PG,Jun-00,175,Los Angeles Clippers,Western All-Star Coaches Selection,2005 Rnd 1 Pick 4,United States,,1
2015,Klay Thompson,G,07-Jun,215,Golden State Warriors,Western All-Star Coaches Selection,2011 Rnd 1 Pick 11,United States,,1
2015,Anthony Davis,PF,11-Jun,253,New Orleans Pelicans,Western All-Star Coaches Selection,2012 Rnd 1 Pick 1,United States,,1
2015,DeMarcus Cousins,C,11-Jun,270,Sacramento Kings,Western All-Star Coaches Selection,2010 Rnd 1 Pick 5,United States,,1
2015,LaMarcus Aldridge,FC,11-Jun,240,San Antonio Spurs,Western All-Star Coaches Selection,2006 Rnd 1 Pick 2,United States,,1
2014,LeBron James,F,08-Jun,250,Cleveland Cavaliers,Eastern All-Star Fan Vote Selection,2003 Rnd 1 Pick 1,United States,,1
2014,John Wall,PG,04-Jun,210,Washington Wizards,Eastern All-Star Fan Vote Selection,2010 Rnd 1 Pick 1,United States,,1
2014,Kyle Lowry,PG,Jun-00,205,Toronto Raptors,Eastern All-Star Fan Vote Selection,2006 Rnd 1 Pick 24,United States,,1
2014,Pau Gasol,FC,Jul-00,250,Chicago Bulls,Eastern All-Star Fan Vote Selection,2001 Rnd 1 Pick 3,Spain,,1
2014,Carmelo Anthony,F,08-Jun,240,New York Knicks,Eastern All-Star Fan Vote Selection,2003 Rnd 1 Pick 3,United States,,1
2014,Al Horford,FC,10-Jun,245,Atlanta Hawks,Eastern All-Star Coaches Selection,2007 Rnd 1 Pick 3,"Dominican Republic
United States",,1
2014,Jeff Teague,PG,02-Jun,186,Atlanta Hawks,Eastern All-Star Coaches Selection,2009 Rnd 1 Pick 19,United States,,1
2014,Paul Millsap,FC,08-Jun,246,Atlanta Hawks,Eastern All-Star Coaches Selection,2006 Rnd 2 Pick 17,United States,,1
2014,Jimmy Butler,GF,07-Jun,231,Chicago Bulls,Eastern All-Star Coaches Selection,2011 Rnd 1 Pick 30,United States,,1
2014,Kyrie Irving,G,03-Jun,193,Cleveland Cavaliers,Eastern All-Star Coaches Selection,2011 Rnd 1 Pick 1,"United States
Australia",,1
2014,Chris Bosh,PF,11-Jun,235,Miami Heat,Eastern All-Star Coaches Selection,2003 Rnd 1 Pick 4,United States,,1
2014,Dwyane Wade,SG,04-Jun,220,Miami Heat,Eastern All-Star Coaches Selection,2003 Rnd 1 Pick 5,United States,,1
2014,Kyle Korver,SF,07-Jun,212,Atlanta Hawks,Eastern All-Star Replacement Selection,2003 Rnd 2 Pick 22,United States,,1
2014,Stephen Curry,G,03-Jun,190,Golden State Warriors,Western All-Star Fan Vote Selection,2009 Rnd 1 Pick 7,United States,,1
2014,Kobe Bryant,SG,06-Jun,212,Los Angeles Lakers,Western All-Star Fan Vote Selection,1996 Rnd 1 Pick 13,United States,,1
2014,Anthony Davis,PF,11-Jun,253,New Orleans Pelicans,Western All-Star Fan Vote Selection,2012 Rnd 1 Pick 1,United States,,1
2014,Marc Gasol,C,01-Jul,255,Memphis Grizzlies,Western All-Star Fan Vote Selection,2007 Rnd 2 Pick 18,Spain,,1
2014,Blake Griffin,PF,10-Jun,251,Los Angeles Clippers,Western All-Star Fan Vote Selection,2009 Rnd 1 Pick 1,United States,,1
2014,James Harden,SG,05-Jun,220,Houston Rockets,Western All-Star Coaches Selection,2009 Rnd 1 Pick 3,United States,,1
2014,Klay Thompson,G,07-Jun,215,Golden State Warriors,Western All-Star Coaches Selection,2011 Rnd 1 Pick 11,United States,,1
2014,LaMarcus Aldridge,FC,11-Jun,240,Portland Trail Blazers,Western All-Star Coaches Selection,2006 Rnd 1 Pick 2,United States,,1
2014,Russell Westbrook,G,03-Jun,200,Oklahoma City Thunder,Western All-Star Coaches Selection,2008 Rnd 1 Pick 4,United States,,1
2014,Kevin Durant,SF,09-Jun,240,Oklahoma City Thunder,Western All-Star Coaches Selection,2007 Rnd 1 Pick 2,United States,,1
2014,Tim Duncan,FC,11-Jun,250,San Antonio Spurs,Western All-Star Coaches Selection,1997 Rnd 1 Pick 1,United States,,1
2014,Chris Paul,PG,Jun-00,175,Los Angeles Clippers,Western All-Star Coaches Selection,2005 Rnd 1 Pick 4,United States,,1
2014,DeMarcus Cousins,C,11-Jun,270,Sacramento Kings,Western All-Star Replacement Selection,2010 Rnd 1 Pick 5,United States,,1
2014,Damian Lillard,G,03-Jun,195,Portland Trail Blazers,Western All-Star Replacement Selection,2012 Rnd 1 Pick 6,United States,,1
2014,Dirk Nowitzki,PF,Jul-00,245,Dallas Mavericks,Western All-Star Replacement Selection,1998 Rnd 1 Pick 9,Germany,,1
2013,LaMarcus Aldridge,FC,11-Jun,240,Portland Trail Blazers,Western All-Star Coaches Selection,2006 Rnd 1 Pick 2,United States,,1
2013,Damian Lillard,G,03-Jun,195,Portland Trail Blazers,Western All-Star Coaches Selection,2012 Rnd 1 Pick 6,United States,,1
2013,Chris Paul,PG,Jun-00,175,Los Angeles Clippers,Western All-Star Coaches Selection,2005 Rnd 1 Pick 4,United States,,1
2013,Tony Parker,G,02-Jun,185,San Antonio Spurs,Western All-Star Coaches Selection,2001 Rnd 1 Pick 28,France,,1
2013,James Harden,SG,05-Jun,220,Houston Rockets,Western All-Star Coaches Selection,2009 Rnd 1 Pick 3,United States,,1
2013,Dwight Howard,C,11-Jun,265,Houston Rockets,Western All-Star Coaches Selection,2004 Rnd 1 Pick 1,United States,,1
2013,Dirk Nowitzki,PF,Jul-00,245,Dallas Mavericks,Western All-Star Coaches Selection,1998 Rnd 1 Pick 9,Germany,,1
2013,Kevin Durant,SF,09-Jun,240,Oklahoma City Thunder,Western All-Star Fan Vote Selection,2007 Rnd 1 Pick 2,United States,,1
2013,Kobe Bryant,SG,06-Jun,212,Los Angeles Lakers,Western All-Star Fan Vote Selection,1996 Rnd 1 Pick 13,United States,,1
2013,Stephen Curry,G,03-Jun,190,Golden State Warriors,Western All-Star Fan Vote Selection,2009 Rnd 1 Pick 7,United States,,1
2013,Blake Griffin,PF,10-Jun,251,Los Angeles Clippers,Western All-Star Fan Vote Selection,2009 Rnd 1 Pick 1,United States,,1
2013,Kevin Love,FC,10-Jun,251,Minnesota Timberwolves,Western All-Star Fan Vote Selection,2008 Rnd 1 Pick 5,United States,,1
2013,Anthony Davis,PF,11-Jun,253,New Orleans Pelicans,Western All-Star Replacement Selection,2012 Rnd 1 Pick 1,United States,,1
2013,LeBron James,F,08-Jun,250,Miami Heat,Eastern All-Star Fan Vote Selection,2003 Rnd 1 Pick 1,United States,,1
2013,Dwyane Wade,SG,04-Jun,220,Miami Heat,Eastern All-Star Fan Vote Selection,2003 Rnd 1 Pick 5,United States,,1
2013,Kyrie Irving,G,03-Jun,193,Cleveland Cavaliers,Eastern All-Star Fan Vote Selection,2011 Rnd 1 Pick 1,"United States
Australia",,1
2013,Paul George,GF,09-Jun,220,Indiana Pacers,Eastern All-Star Fan Vote Selection,2010 Rnd 1 Pick 10,United States,,1
2013,Carmelo Anthony,F,08-Jun,240,New York Knicks,Eastern All-Star Fan Vote Selection,2003 Rnd 1 Pick 3,United States,,1
2013,Roy Hibbert,C,02-Jul,270,Indiana Pacers,Eastern All-Star Coaches Selection,2008 Rnd 1 Pick 17,United States,,1
2013,Paul Millsap,FC,08-Jun,246,Atlanta Hawks,Eastern All-Star Coaches Selection,2006 Rnd 2 Pick 17,United States,,1
2013,DeMar DeRozan,GF,07-Jun,220,Toronto Raptors,Eastern All-Star Coaches Selection,2009 Rnd 1 Pick 9,United States,,1
2013,John Wall,PG,04-Jun,210,Washington Wizards,Eastern All-Star Coaches Selection,2010 Rnd 1 Pick 1,United States,,1
2013,Joakim Noah,FC,11-Jun,230,Chicago Bulls,Eastern All-Star Coaches Selection,2007 Rnd 1 Pick 9,"France
United States",,1
2013,Joe Johnson,SG,07-Jun,240,Brooklyn Nets,Eastern All-Star Coaches Selection,2001 Rnd 1 Pick 10,United States,,1
2013,Chris Bosh,PF,11-Jun,235,Miami Heat,Eastern All-Star Coaches Selection,2003 Rnd 1 Pick 4,United States,,1
2012,Kevin Durant,SF,09-Jun,240,Oklahoma City Thunder,Western All-Star Fan Vote Selection,2007 Rnd 1 Pick 2,United States,,1
2012,Dwight Howard,C,11-Jun,265,Los Angeles Lakers,Western All-Star Fan Vote Selection,2004 Rnd 1 Pick 1,United States,,1
2012,Blake Griffin,PF,10-Jun,251,Los Angeles Clippers,Western All-Star Fan Vote Selection,2009 Rnd 1 Pick 1,United States,,1
2012,Kobe Bryant,SG,06-Jun,212,Los Angeles Lakers,Western All-Star Fan Vote Selection,1996 Rnd 1 Pick 13,United States,,1
2012,Chris Paul,PG,Jun-00,175,Los Angeles Clippers,Western All-Star Fan Vote Selection,2005 Rnd 1 Pick 4,United States,,1
2012,Tim Duncan,FC,11-Jun,250,San Antonio Spurs,Western All-Star Coaches Selection,1997 Rnd 1 Pick 1,United States,,1
2012,Tony Parker,G,02-Jun,185,San Antonio Spurs,Western All-Star Coaches Selection,2001 Rnd 1 Pick 28,France,,1
2012,Russell Westbrook,G,03-Jun,200,Oklahoma City Thunder,Western All-Star Coaches Selection,2008 Rnd 1 Pick 4,United States,,1
2012,James Harden,SG,05-Jun,220,Houston Rockets,Western All-Star Coaches Selection,2009 Rnd 1 Pick 3,United States,,1
2012,Zach Randolph,PF,09-Jun,260,Memphis Grizzlies,Western All-Star Coaches Selection,2001 Rnd 1 Pick 19,United States,,1
2012,LaMarcus Aldridge,FC,11-Jun,240,Portland Trail Blazers,Western All-Star Coaches Selection,2006 Rnd 1 Pick 2,United States,,1
2012,David Lee,FC,09-Jun,245,Golden State Warriors,Western All-Star Coaches Selection,2005 Rnd 1 Pick 30,United States,,1
2012,Dwyane Wade,SG,04-Jun,220,Miami Heat,Eastern All-Star Fan Vote Selection,2003 Rnd 1 Pick 5,United States,,1
2012,LeBron James,F,08-Jun,250,Miami Heat,Eastern All-Star Fan Vote Selection,2003 Rnd 1 Pick 1,United States,,1
2012,Rajon Rondo,PG,01-Jun,186,Boston Celtics,Eastern All-Star Fan Vote Selection,2006 Rnd 1 Pick 21,United States,,1
2012,Carmelo Anthony,F,08-Jun,240,New York Knicks,Eastern All-Star Fan Vote Selection,2003 Rnd 1 Pick 3,United States,,1
2012,Kevin Garnett,PF,11-Jun,240,Boston Celtics,Eastern All-Star Fan Vote Selection,1995 Rnd 1 Pick 5,United States,,1
2012,Chris Bosh,PF,11-Jun,235,Miami Heat,Eastern All-Star Coaches Selection,2003 Rnd 1 Pick 4,United States,,1
2012,Tyson Chandler,C,01-Jul,240,New York Knicks,Eastern All-Star Coaches Selection,2001 Rnd 1 Pick 2,United States,,1
2012,Joakim Noah,FC,11-Jun,230,Chicago Bulls,Eastern All-Star Coaches Selection,2007 Rnd 1 Pick 9,"France
United States",,1
2012,Paul George,GF,09-Jun,220,Indiana Pacers,Eastern All-Star Coaches Selection,2010 Rnd 1 Pick 10,United States,,1
2012,Luol Deng,GF,09-Jun,220,Chicago Bulls,Eastern All-Star Coaches Selection,2004 Rnd 1 Pick 7,"England
South Sudan",,1
2012,Jrue Holiday,G,04-Jun,205,Philadelphia Sixers,Eastern All-Star Coaches Selection,2009 Rnd 1 Pick 17,United States,,1
2012,Kyrie Irving,G,03-Jun,193,Cleveland Cavaliers,Eastern All-Star Coaches Selection,2011 Rnd 1 Pick 1,"United States
Australia",,1
2012,Brook Lopez,C,Jul-00,268,Brooklyn Nets,Eastern All-Star Replacement Selection,2008 Rnd 1 Pick 10,United States,,1
2011,Derrick Rose,PG,03-Jun,190,Chicago Bulls,Eastern All-Star Fan Vote Selection,2008 Rnd 1 Pick 1,United States,,1
2011,Dwyane Wade,SG,04-Jun,220,Miami Heat,Eastern All-Star Fan Vote Selection,2003 Rnd 1 Pick 5,United States,,1
2011,LeBron James,F,08-Jun,250,Miami Heat,Eastern All-Star Fan Vote Selection,2003 Rnd 1 Pick 1,United States,,1
2011,Carmelo Anthony,F,08-Jun,240,New York Knicks,Eastern All-Star Fan Vote Selection,2003 Rnd 1 Pick 3,United States,,1
2011,Dwight Howard,C,11-Jun,265,Orlando Magic,Eastern All-Star Fan Vote Selection,2004 Rnd 1 Pick 1,United States,,1
2011,Chris Bosh,PF,11-Jun,235,Miami Heat,Eastern All-Star Coaches Selection,2003 Rnd 1 Pick 4,United States,,1
2011,Roy Hibbert,C,02-Jul,270,Indiana Pacers,Eastern All-Star Coaches Selection,2008 Rnd 1 Pick 17,United States,,1
2011,Paul Pierce,SF,07-Jun,235,Boston Celtics,Eastern All-Star Coaches Selection,1998 Rnd 1 Pick 10,United States,,1
2011,Deron Williams,PG,03-Jun,200,New Jersey Nets,Eastern All-Star Coaches Selection,2005 Rnd 1 Pick 3,United States,,1
2011,Luol Deng,GF,09-Jun,220,Chicago Bulls,Eastern All-Star Coaches Selection,2004 Rnd 1 Pick 7,"England
South Sudan",,1
2011,Andre Iguodala,SF,06-Jun,215,Philadelphia Sixers,Eastern All-Star Coaches Selection,2004 Rnd 1 Pick 9,United States,,1
2011,Joe Johnson,SG,07-Jun,240,Atlanta Hawks,Eastern All-Star Coaches Selection,2001 Rnd 1 Pick 10,United States,,1
2011,Rajon Rondo,PG,01-Jun,186,Boston Celtics,Eastern All-Star Replacement Selection,2006 Rnd 1 Pick 21,United States,,1
2011,Kobe Bryant,SG,06-Jun,212,Los Angeles Lakers,Western All-Star Fan Vote Selection,1996 Rnd 1 Pick 13,United States,,1
2011,Chris Paul,PG,Jun-00,175,Los Angeles Clippers,Western All-Star Fan Vote Selection,2005 Rnd 1 Pick 4,United States,,1
2011,Kevin Durant,SF,09-Jun,240,Oklahoma City Thunder,Western All-Star Fan Vote Selection,2007 Rnd 1 Pick 2,United States,,1
2011,Blake Griffin,PF,10-Jun,251,Los Angeles Clippers,Western All-Star Fan Vote Selection,2009 Rnd 1 Pick 1,United States,,1
2011,Andrew Bynum,C,Jul-00,285,Los Angeles Lakers,Western All-Star Fan Vote Selection,2005 Rnd 1 Pick 10,United States,,1
2011,Kevin Love,FC,10-Jun,251,Minnesota Timberwolves,Western All-Star Coaches Selection,2008 Rnd 1 Pick 5,United States,,1
2011,LaMarcus Aldridge,FC,11-Jun,240,Portland Trail Blazers,Western All-Star Coaches Selection,2006 Rnd 1 Pick 2,United States,,1
2011,Russell Westbrook,G,03-Jun,200,Oklahoma City Thunder,Western All-Star Coaches Selection,2008 Rnd 1 Pick 4,United States,,1
2011,Dirk Nowitzki,PF,Jul-00,245,Dallas Mavericks,Western All-Star Coaches Selection,1998 Rnd 1 Pick 9,Germany,,1
2011,Tony Parker,G,02-Jun,185,San Antonio Spurs,Western All-Star Coaches Selection,2001 Rnd 1 Pick 28,France,,1
2011,Steve Nash,G,03-Jun,178,Phoenix Suns,Western All-Star Coaches Selection,1996 Rnd 1 Pick 15,"Canada
South Africa",,1
2011,Marc Gasol,C,01-Jul,255,Memphis Grizzlies,Western All-Star Coaches Selection,2007 Rnd 2 Pick 18,Spain,,1
2010,Carmelo Anthony,F,08-Jun,240,Denver Nuggets,Western All-Star Fan Vote Selection,2003 Rnd 1 Pick 3,United States,,1
2010,Kobe Bryant,SG,06-Jun,212,Los Angeles Lakers,Western All-Star Fan Vote Selection,1996 Rnd 1 Pick 13,United States,,1
2010,Kevin Durant,SF,09-Jun,240,Oklahoma City Thunder,Western All-Star Fan Vote Selection,2007 Rnd 1 Pick 2,United States,,1
2010,Chris Paul,PG,Jun-00,175,New Orleans Hornets,Western All-Star Fan Vote Selection,2005 Rnd 1 Pick 4,United States,,1
2010,Yao Ming,C,06-Jul,310,Houston Rockets,Western All-Star Fan Vote Selection,2002 Rnd 1 Pick 1,China,,1
2010,Manu Ginobili,SG,06-Jun,205,San Antonio Spurs,Western All-Star Coaches Selection,1999 Rnd 2 Pick 28,Argentina,,1
2010,Dirk Nowitzki,PF,Jul-00,245,Dallas Mavericks,Western All-Star Coaches Selection,1998 Rnd 1 Pick 9,Germany,,1
2010,Pau Gasol,FC,Jul-00,250,Los Angeles Lakers,Western All-Star Coaches Selection,2001 Rnd 1 Pick 3,Spain,,1
2010,Deron Williams,PG,03-Jun,200,Utah Jazz,Western All-Star Coaches Selection,2005 Rnd 1 Pick 3,United States,,1
2010,Russell Westbrook,G,03-Jun,200,Oklahoma City Thunder,Western All-Star Coaches Selection,2008 Rnd 1 Pick 4,United States,,1
2010,Blake Griffin,PF,10-Jun,251,Los Angeles Clippers,Western All-Star Coaches Selection,2009 Rnd 1 Pick 1,United States,,1
2010,Tim Duncan,FC,11-Jun,250,San Antonio Spurs,Western All-Star Coaches Selection,1997 Rnd 1 Pick 1,United States,,1
2010,Kevin Love,FC,10-Jun,251,Minnesota Timberwolves,Western All-Star Replacement Selection,2008 Rnd 1 Pick 5,United States,,1
2010,Dwyane Wade,SG,04-Jun,220,Miami Heat,Eastern All-Star Fan Vote Selection,2003 Rnd 1 Pick 5,United States,,1
2010,Amar'e Stoudemire,FC,10-Jun,245,New York Knicks,Eastern All-Star Fan Vote Selection,2002 Rnd 1 Pick 9,United States,,1
2010,Dwight Howard,C,11-Jun,265,Orlando Magic,Eastern All-Star Fan Vote Selection,2004 Rnd 1 Pick 1,United States,,1
2010,LeBron James,F,08-Jun,250,Miami Heat,Eastern All-Star Fan Vote Selection,2003 Rnd 1 Pick 1,United States,,1
2010,Derrick Rose,PG,03-Jun,190,Chicago Bulls,Eastern All-Star Fan Vote Selection,2008 Rnd 1 Pick 1,United States,,1
2010,Kevin Garnett,PF,11-Jun,240,Boston Celtics,Eastern All-Star Coaches Selection,1995 Rnd 1 Pick 5,United States,,1
2010,Paul Pierce,SF,07-Jun,235,Boston Celtics,Eastern All-Star Coaches Selection,1998 Rnd 1 Pick 10,United States,,1
2010,Rajon Rondo,PG,01-Jun,186,Boston Celtics,Eastern All-Star Coaches Selection,2006 Rnd 1 Pick 21,United States,,1
2010,Ray Allen,SG,05-Jun,205,Boston Celtics,Eastern All-Star Coaches Selection,1996 Rnd 1 Pick 5,United States,,1
2010,Al Horford,FC,10-Jun,245,Atlanta Hawks,Eastern All-Star Coaches Selection,2007 Rnd 1 Pick 3,"Dominican Republic
United States",,1
2010,Joe Johnson,SG,07-Jun,240,Atlanta Hawks,Eastern All-Star Coaches Selection,2001 Rnd 1 Pick 10,United States,,1
2010,Chris Bosh,PF,11-Jun,235,Miami Heat,Eastern All-Star Coaches Selection,2003 Rnd 1 Pick 4,United States,,1
2009,Deron Williams,PG,03-Jun,200,Utah Jazz,Western All-Star Coaches Selection,2005 Rnd 1 Pick 3,United States,,1
2009,Chris Paul,PG,Jun-00,175,New Orleans Hornets,Western All-Star Coaches Selection,2005 Rnd 1 Pick 4,United States,,1
2009,Pau Gasol,FC,Jul-00,250,Los Angeles Lakers,Western All-Star Coaches Selection,2001 Rnd 1 Pick 3,Spain,,1
2009,Kevin Durant,SF,09-Jun,240,Oklahoma City Thunder,Western All-Star Coaches Selection,2007 Rnd 1 Pick 2,United States,,1
2009,Dirk Nowitzki,PF,Jul-00,245,Dallas Mavericks,Western All-Star Coaches Selection,1998 Rnd 1 Pick 9,Germany,,1
2009,Zach Randolph,PF,09-Jun,260,Memphis Grizzlies,Western All-Star Coaches Selection,2001 Rnd 1 Pick 19,United States,,1
2009,Brandon Roy,G,06-Jun,211,Portland Trail Blazers,Western All-Star Coaches Selection,2006 Rnd 1 Pick 6,United States,,1
2009,Steve Nash,G,03-Jun,178,Phoenix Suns,Western All-Star Fan Vote Selection,1996 Rnd 1 Pick 15,"Canada
South Africa",,1
2009,Kobe Bryant,SG,06-Jun,212,Los Angeles Lakers,Western All-Star Fan Vote Selection,1996 Rnd 1 Pick 13,United States,,1
2009,Amar'e Stoudemire,FC,10-Jun,245,Phoenix Suns,Western All-Star Fan Vote Selection,2002 Rnd 1 Pick 9,United States,,1
2009,Tim Duncan,FC,11-Jun,250,San Antonio Spurs,Western All-Star Fan Vote Selection,1997 Rnd 1 Pick 1,United States,,1
2009,Carmelo Anthony,F,08-Jun,240,Denver Nuggets,Western All-Star Fan Vote Selection,2003 Rnd 1 Pick 3,United States,,1
2009,Chauncey Billups,G,03-Jun,210,Denver Nuggets,Western All-Star Replacement Selection,1997 Rnd 1 Pick 3,United States,,1
2009,Chris Kaman,C,Jul-00,265,Los Angeles Clippers,Western All-Star Replacement Selection,2003 Rnd 1 Pick 6,"United States
Germany",,1
2009,Jason Kidd,PG,04-Jun,210,Dallas Mavericks,Western All-Star Replacement Selection,1994 Rnd 1 Pick 2,United States,,1
2009,LeBron James,F,08-Jun,250,Cleveland Cavaliers,Eastern All-Star Fan Vote Selection,2003 Rnd 1 Pick 1,United States,,1
2009,Kevin Garnett,PF,11-Jun,240,Boston Celtics,Eastern All-Star Fan Vote Selection,1995 Rnd 1 Pick 5,United States,,1
2009,Allen Iverson,G,Jun-00,165,Philadelphia Sixers,Eastern All-Star Fan Vote Selection,1996 Rnd 1 Pick 1,United States,,1
2009,Dwyane Wade,SG,04-Jun,220,Miami Heat,Eastern All-Star Fan Vote Selection,2003 Rnd 1 Pick 5,United States,,1
2009,Dwight Howard,C,11-Jun,265,Orlando Magic,Eastern All-Star Fan Vote Selection,2004 Rnd 1 Pick 1,United States,,1
2009,Rajon Rondo,PG,01-Jun,186,Boston Celtics,Eastern All-Star Coaches Selection,2006 Rnd 1 Pick 21,United States,,1
2009,Derrick Rose,PG,03-Jun,190,Chicago Bulls,Eastern All-Star Coaches Selection,2008 Rnd 1 Pick 1,United States,,1
2009,Paul Pierce,SF,07-Jun,235,Boston Celtics,Eastern All-Star Coaches Selection,1998 Rnd 1 Pick 10,United States,,1
2009,Chris Bosh,PF,11-Jun,235,Toronto Raptors,Eastern All-Star Coaches Selection,2003 Rnd 1 Pick 4,United States,,1
2009,Gerald Wallace,F,07-Jun,220,Charlotte Bobcats,Eastern All-Star Coaches Selection,2001 Rnd 1 Pick 25,United States,,1
2009,Joe Johnson,SG,07-Jun,240,Atlanta Hawks,Eastern All-Star Coaches Selection,2001 Rnd 1 Pick 10,United States,,1
2009,Al Horford,FC,10-Jun,245,Atlanta Hawks,Eastern All-Star Coaches Selection,2007 Rnd 1 Pick 3,"Dominican Republic
United States",,1
2009,David Lee,FC,09-Jun,245,New York Knicks,Eastern All-Star Replacement Selection,2005 Rnd 1 Pick 30,United States,,1
2008,Chauncey Billups,G,03-Jun,210,Denver Nuggets,Western All-Star Coaches Selection,1997 Rnd 1 Pick 3,United States,,1
2008,Pau Gasol,FC,Jul-00,250,Los Angeles Lakers,Western All-Star Coaches Selection,2001 Rnd 1 Pick 3,Spain,,1
2008,Dirk Nowitzki,PF,Jul-00,245,Dallas Mavericks,Western All-Star Coaches Selection,1998 Rnd 1 Pick 9,Germany,,1
2008,Shaquille O'Neal,C,01-Jul,325,Phoenix Suns,Western All-Star Coaches Selection,1992 Rnd 1 Pick 1,United States,,1
2008,Tony Parker,G,02-Jun,185,San Antonio Spurs,Western All-Star Coaches Selection,2001 Rnd 1 Pick 28,France,,1
2008,Brandon Roy,G,06-Jun,211,Portland Trail Blazers,Western All-Star Coaches Selection,2006 Rnd 1 Pick 6,United States,,1
2008,David West,PF,09-Jun,250,New Orleans Hornets,Western All-Star Coaches Selection,2003 Rnd 1 Pick 18,United States,,1
2008,Kobe Bryant,SG,06-Jun,212,Los Angeles Lakers,Western All-Star Fan Vote Selection,1996 Rnd 1 Pick 13,United States,,1
2008,Tim Duncan,FC,11-Jun,250,San Antonio Spurs,Western All-Star Fan Vote Selection,1997 Rnd 1 Pick 1,United States,,1
2008,Chris Paul,PG,Jun-00,175,New Orleans Hornets,Western All-Star Fan Vote Selection,2005 Rnd 1 Pick 4,United States,,1
2008,Yao Ming,C,06-Jul,310,Houston Rockets,Western All-Star Fan Vote Selection,2002 Rnd 1 Pick 1,China,,1
2008,Amar'e Stoudemire,FC,10-Jun,245,Phoenix Suns,Western All-Star Fan Vote Selection,2002 Rnd 1 Pick 9,United States,,1
2008,Kevin Garnett,PF,11-Jun,240,Boston Celtics,Eastern All-Star Fan Vote Selection,1995 Rnd 1 Pick 5,United States,,1
2008,Dwight Howard,C,11-Jun,265,Orlando Magic,Eastern All-Star Fan Vote Selection,2004 Rnd 1 Pick 1,United States,,1
2008,Allen Iverson,G,Jun-00,165,Detroit Pistons,Eastern All-Star Fan Vote Selection,1996 Rnd 1 Pick 1,United States,,1
2008,LeBron James,F,08-Jun,250,Cleveland Cavaliers,Eastern All-Star Fan Vote Selection,2003 Rnd 1 Pick 1,United States,,1
2008,Dwyane Wade,SG,04-Jun,220,Miami Heat,Eastern All-Star Fan Vote Selection,2003 Rnd 1 Pick 5,United States,,1
2008,Chris Bosh,PF,11-Jun,235,Toronto Raptors,Eastern All-Star Coaches Selection,2003 Rnd 1 Pick 4,United States,,1
2008,Danny Granger,GF,09-Jun,222,Indiana Pacers,Eastern All-Star Coaches Selection,2005 Rnd 1 Pick 17,United States,,1
2008,Devin Harris,G,03-Jun,185,New Jersey Nets,Eastern All-Star Coaches Selection,2004 Rnd 1 Pick 5,United States,,1
2008,Joe Johnson,SG,07-Jun,240,Atlanta Hawks,Eastern All-Star Coaches Selection,2001 Rnd 1 Pick 10,United States,,1
2008,Rashard Lewis,F,10-Jun,235,Orlando Magic,Eastern All-Star Coaches Selection,1998 Rnd 2 Pick 3,United States,,1
2008,Jameer Nelson,G,Jun-00,190,Orlando Magic,Eastern All-Star Coaches Selection,2004 Rnd 1 Pick 20,United States,,1
2008,Paul Pierce,SF,07-Jun,235,Boston Celtics,Eastern All-Star Coaches Selection,1998 Rnd 1 Pick 10,United States,,1
2008,Ray Allen,SG,05-Jun,205,Boston Celtics,Eastern All-Star Replacement Selection,1996 Rnd 1 Pick 5,United States,,1
2008,Mo Williams,G,01-Jun,198,Cleveland Cavaliers,Eastern All-Star Replacement Selection,2003 Rnd 2 Pick 18,United States,,1
2007,Carlos Boozer,PF,09-Jun,266,Utah Jazz,Western All-Star Coaches Selection,2002 Rnd 2 Pick 6,"Germany
United States",,1
2007,Steve Nash,G,03-Jun,178,Phoenix Suns,Western All-Star Coaches Selection,1996 Rnd 1 Pick 15,"Canada
South Africa",,1
2007,Dirk Nowitzki,PF,Jul-00,245,Dallas Mavericks,Western All-Star Coaches Selection,1998 Rnd 1 Pick 9,Germany,,1
2007,Chris Paul,PG,Jun-00,175,New Orleans Hornets,Western All-Star Coaches Selection,2005 Rnd 1 Pick 4,United States,,1
2007,Brandon Roy,G,06-Jun,211,Portland Trail Blazers,Western All-Star Coaches Selection,2006 Rnd 1 Pick 6,United States,,1
2007,Amar'e Stoudemire,FC,10-Jun,245,Phoenix Suns,Western All-Star Coaches Selection,2002 Rnd 1 Pick 9,United States,,1
2007,David West,PF,09-Jun,250,New Orleans Hornets,Western All-Star Coaches Selection,2003 Rnd 1 Pick 18,United States,,1
2007,Allen Iverson,G,Jun-00,165,Denver Nuggets,Western All-Star Fan Vote Selection,1996 Rnd 1 Pick 1,United States,,1
2007,Kobe Bryant,SG,06-Jun,212,Los Angeles Lakers,Western All-Star Fan Vote Selection,1996 Rnd 1 Pick 13,United States,,1
2007,Carmelo Anthony,F,08-Jun,240,Denver Nuggets,Western All-Star Fan Vote Selection,2003 Rnd 1 Pick 3,United States,,1
2007,Tim Duncan,FC,11-Jun,250,San Antonio Spurs,Western All-Star Fan Vote Selection,1997 Rnd 1 Pick 1,United States,,1
2007,Yao Ming,C,06-Jul,310,Houston Rockets,Western All-Star Fan Vote Selection,2002 Rnd 1 Pick 1,China,,1
2007,Jason Kidd,PG,04-Jun,210,New Jersey Nets,Eastern All-Star Fan Vote Selection,1994 Rnd 1 Pick 2,United States,,1
2007,Dwyane Wade,SG,04-Jun,220,Miami Heat,Eastern All-Star Fan Vote Selection,2003 Rnd 1 Pick 5,United States,,1
2007,LeBron James,F,08-Jun,250,Cleveland Cavaliers,Eastern All-Star Fan Vote Selection,2003 Rnd 1 Pick 1,United States,,1
2007,Kevin Garnett,PF,11-Jun,240,Boston Celtics,Eastern All-Star Fan Vote Selection,1995 Rnd 1 Pick 5,United States,,1
2007,Dwight Howard,C,11-Jun,265,Orlando Magic,Eastern All-Star Fan Vote Selection,2004 Rnd 1 Pick 1,United States,,1
2007,Chauncey Billups,G,03-Jun,210,Detroit Pistons,Eastern All-Star Coaches Selection,1997 Rnd 1 Pick 3,United States,,1
2007,Chris Bosh,PF,11-Jun,235,Toronto Raptors,Eastern All-Star Coaches Selection,2003 Rnd 1 Pick 4,United States,,1
2007,Caron Butler,SF,07-Jun,228,Washington Wizards,Eastern All-Star Coaches Selection,2002 Rnd 1 Pick 10,United States,,1
2007,Richard Hamilton,SG,07-Jun,193,Detroit Pistons,Eastern All-Star Coaches Selection,1999 Rnd 1 Pick 7,United States,,1
2007,Antawn Jamison,F,09-Jun,235,Washington Wizards,Eastern All-Star Coaches Selection,1998 Rnd 1 Pick 4,United States,,1
2007,Joe Johnson,SG,07-Jun,240,Atlanta Hawks,Eastern All-Star Coaches Selection,2001 Rnd 1 Pick 10,United States,,1
2007,Paul Pierce,SF,07-Jun,235,Boston Celtics,Eastern All-Star Coaches Selection,1998 Rnd 1 Pick 10,United States,,1
2007,Ray Allen,SG,05-Jun,205,Boston Celtics,Eastern All-Star Replacement Selection,1996 Rnd 1 Pick 5,United States,,1
2007,Rasheed Wallace,FC,11-Jun,230,Detroit Pistons,Eastern All-Star Replacement Selection,1995 Rnd 1 Pick 4,United States,,1
2006,Kobe Bryant,SG,06-Jun,212,Los Angeles Lakers,Western All-Star Fan Vote Selection,1996 Rnd 1 Pick 13,United States,,1
2006,Tracy McGrady,GF,08-Jun,210,Houston Rockets,Western All-Star Fan Vote Selection,1997 Rnd 1 Pick 9,United States,,1
2006,Kevin Garnett,PF,11-Jun,240,Minnesota Timberwolves,Western All-Star Fan Vote Selection,1995 Rnd 1 Pick 5,United States,,1
2006,Tim Duncan,FC,11-Jun,250,San Antonio Spurs,Western All-Star Fan Vote Selection,1997 Rnd 1 Pick 1,United States,,1
2006,Yao Ming,C,06-Jul,310,Houston Rockets,Western All-Star Fan Vote Selection,2002 Rnd 1 Pick 1,China,,1
2006,Steve Nash,G,03-Jun,178,Phoenix Suns,Western All-Star Coaches Selection,1996 Rnd 1 Pick 15,"Canada
South Africa",,1
2006,Amar'e Stoudemire,FC,10-Jun,245,Phoenix Suns,Western All-Star Coaches Selection,2002 Rnd 1 Pick 9,United States,,1
2006,Carlos Boozer,PF,09-Jun,266,Utah Jazz,Western All-Star Coaches Selection,2002 Rnd 2 Pick 6,"Germany
United States",,1
2006,Tony Parker,G,02-Jun,185,San Antonio Spurs,Western All-Star Coaches Selection,2001 Rnd 1 Pick 28,France,,1
2006,Allen Iverson,G,Jun-00,165,Denver Nuggets,Western All-Star Coaches Selection,1996 Rnd 1 Pick 1,United States,,1
2006,Shawn Marion,F,07-Jun,228,Phoenix Suns,Western All-Star Coaches Selection,1999 Rnd 1 Pick 9,United States,,1
2006,Dirk Nowitzki,PF,Jul-00,245,Dallas Mavericks,Western All-Star Coaches Selection,1998 Rnd 1 Pick 9,Germany,,1
2006,Ray Allen,SG,05-Jun,205,Seattle SuperSonics,Western All-Star Replacement Selection,1996 Rnd 1 Pick 5,United States,,1
2006,Carmelo Anthony,F,08-Jun,240,Denver Nuggets,Western All-Star Replacement Selection,2003 Rnd 1 Pick 3,United States,,1
2006,Josh Howard,GF,07-Jun,210,Dallas Mavericks,Western All-Star Replacement Selection,2003 Rnd 1 Pick 29,United States,,1
2006,Mehmet Okur,FC,11-Jun,249,Utah Jazz,Western All-Star Replacement Selection,2001 Rnd 2 Pick 9,Turkey,,1
2006,Gilbert Arenas,G,03-Jun,191,Washington Wizards,Eastern All-Star Fan Vote Selection,2001 Rnd 2 Pick 2,United States,,1
2006,Dwyane Wade,SG,04-Jun,220,Miami Heat,Eastern All-Star Fan Vote Selection,2003 Rnd 1 Pick 5,United States,,1
2006,LeBron James,F,08-Jun,250,Cleveland Cavaliers,Eastern All-Star Fan Vote Selection,2003 Rnd 1 Pick 1,United States,,1
2006,Chris Bosh,PF,11-Jun,235,Toronto Raptors,Eastern All-Star Fan Vote Selection,2003 Rnd 1 Pick 4,United States,,1
2006,Shaquille O'Neal,C,01-Jul,325,Miami Heat,Eastern All-Star Fan Vote Selection,1992 Rnd 1 Pick 1,United States,,1
2006,Chauncey Billups,G,03-Jun,210,Detroit Pistons,Eastern All-Star Coaches Selection,1997 Rnd 1 Pick 3,United States,,1
2006,Caron Butler,SF,07-Jun,228,Washington Wizards,Eastern All-Star Coaches Selection,2002 Rnd 1 Pick 10,United States,,1
2006,Vince Carter,SF,06-Jun,220,New Jersey Nets,Eastern All-Star Coaches Selection,1998 Rnd 1 Pick 5,United States,,1
2006,Richard Hamilton,SG,07-Jun,193,Detroit Pistons,Eastern All-Star Coaches Selection,1999 Rnd 1 Pick 7,United States,,1
2006,Dwight Howard,C,11-Jun,265,Orlando Magic,Eastern All-Star Coaches Selection,2004 Rnd 1 Pick 1,United States,,1
2006,Jason Kidd,PG,04-Jun,210,New Jersey Nets,Eastern All-Star Coaches Selection,1994 Rnd 1 Pick 2,United States,,1
2006,Jermaine O'Neal,FC,11-Jun,235,Indiana Pacers,Eastern All-Star Coaches Selection,1996 Rnd 1 Pick 17,United States,,1
2006,Joe Johnson,SG,07-Jun,240,Atlanta Hawks,Eastern All-Star Replacement Selection,2001 Rnd 1 Pick 10,United States,,1
2005,Steve Nash,G,03-Jun,178,Phoenix Suns,Western All-Star Fan Vote Selection,1996 Rnd 1 Pick 15,"Canada
South Africa",,1
2005,Kobe Bryant,SG,06-Jun,212,Los Angeles Lakers,Western All-Star Fan Vote Selection,1996 Rnd 1 Pick 13,United States,,1
2005,Tracy McGrady,GF,08-Jun,210,Houston Rockets,Western All-Star Fan Vote Selection,1997 Rnd 1 Pick 9,United States,,1
2005,Tim Duncan,FC,11-Jun,250,San Antonio Spurs,Western All-Star Fan Vote Selection,1997 Rnd 1 Pick 1,United States,,1
2005,Yao Ming,C,06-Jul,310,Houston Rockets,Western All-Star Fan Vote Selection,2002 Rnd 1 Pick 1,China,,1
2005,Ray Allen,SG,05-Jun,205,Seattle SuperSonics,Western All-Star Coaches Selection,1996 Rnd 1 Pick 5,United States,,1
2005,Elton Brand,PF,09-Jun,254,Los Angeles Clippers,Western All-Star Coaches Selection,1999 Rnd 1 Pick 1,United States,,1
2005,Kevin Garnett,PF,11-Jun,240,Minnesota Timberwolves,Western All-Star Coaches Selection,1995 Rnd 1 Pick 5,United States,,1
2005,Pau Gasol,FC,Jul-00,250,Memphis Grizzlies,Western All-Star Coaches Selection,2001 Rnd 1 Pick 3,Spain,,1
2005,Shawn Marion,F,07-Jun,228,Phoenix Suns,Western All-Star Coaches Selection,1999 Rnd 1 Pick 9,United States,,1
2005,Dirk Nowitzki,PF,Jul-00,245,Dallas Mavericks,Western All-Star Coaches Selection,1998 Rnd 1 Pick 9,Germany,,1
2005,Tony Parker,G,02-Jun,185,San Antonio Spurs,Western All-Star Coaches Selection,2001 Rnd 1 Pick 28,France,,1
2005,Allen Iverson,G,Jun-00,165,Philadelphia Sixers,Eastern All-Star Fan Vote Selection,1996 Rnd 1 Pick 1,United States,,1
2005,Dwyane Wade,SG,04-Jun,220,Miami Heat,Eastern All-Star Fan Vote Selection,2003 Rnd 1 Pick 5,United States,,1
2005,LeBron James,F,08-Jun,250,Cleveland Cavaliers,Eastern All-Star Fan Vote Selection,2003 Rnd 1 Pick 1,United States,,1
2005,Shaquille O'Neal,C,01-Jul,325,Miami Heat,Eastern All-Star Fan Vote Selection,1992 Rnd 1 Pick 1,United States,,1
2005,Jermaine O'Neal,FC,11-Jun,235,Indiana Pacers,Eastern All-Star Fan Vote Selection,1996 Rnd 1 Pick 17,United States,,1
2005,Chauncey Billups,G,03-Jun,210,Detroit Pistons,Eastern All-Star Coaches Selection,1997 Rnd 1 Pick 3,United States,,1
2005,Chris Bosh,PF,11-Jun,235,Toronto Raptors,Eastern All-Star Coaches Selection,2003 Rnd 1 Pick 4,United States,,1
2005,Vince Carter,SF,06-Jun,220,New Jersey Nets,Eastern All-Star Coaches Selection,1998 Rnd 1 Pick 5,United States,,1
2005,Richard Hamilton,SG,07-Jun,193,Detroit Pistons,Eastern All-Star Coaches Selection,1999 Rnd 1 Pick 7,United States,,1
2005,Paul Pierce,SF,07-Jun,235,Boston Celtics,Eastern All-Star Coaches Selection,1998 Rnd 1 Pick 10,United States,,1
2005,Ben Wallace,FC,09-Jun,240,Detroit Pistons,Eastern All-Star Coaches Selection,"1996 NBA Draft, Undrafted",United States,,1
2005,Rasheed Wallace,FC,11-Jun,230,Detroit Pistons,Eastern All-Star Coaches Selection,1995 Rnd 1 Pick 4,United States,,1
2005,Gilbert Arenas,G,03-Jun,191,Washington Wizards,Eastern All-Star Replacement Selection,2001 Rnd 2 Pick 2,United States,,1
2004,Kobe Bryant,SG,06-Jun,212,Los Angeles Lakers,Western All-Star Fan Vote Selection,1996 Rnd 1 Pick 13,United States,,1
2004,Tracy McGrady,GF,08-Jun,210,Houston Rockets,Western All-Star Fan Vote Selection,1997 Rnd 1 Pick 9,United States,,1
2004,Kevin Garnett,PF,11-Jun,240,Minnesota Timberwolves,Western All-Star Fan Vote Selection,1995 Rnd 1 Pick 5,United States,,1
2004,Tim Duncan,FC,11-Jun,250,San Antonio Spurs,Western All-Star Fan Vote Selection,1997 Rnd 1 Pick 1,United States,,1
2004,Yao Ming,C,06-Jul,310,Houston Rockets,Western All-Star Fan Vote Selection,2002 Rnd 1 Pick 1,China,,1
2004,Manu Ginobili,SG,06-Jun,205,San Antonio Spurs,Western All-Star Coaches Selection,1999 Rnd 2 Pick 28,Argentina,,1
2004,Amar'e Stoudemire,FC,10-Jun,245,Phoenix Suns,Western All-Star Coaches Selection,2002 Rnd 1 Pick 9,United States,,1
2004,Ray Allen,SG,05-Jun,205,Seattle SuperSonics,Western All-Star Coaches Selection,1996 Rnd 1 Pick 5,United States,,1
2004,Shawn Marion,F,07-Jun,228,Phoenix Suns,Western All-Star Coaches Selection,1999 Rnd 1 Pick 9,United States,,1
2004,Steve Nash,G,03-Jun,178,Phoenix Suns,Western All-Star Coaches Selection,1996 Rnd 1 Pick 15,"Canada
South Africa",,1
2004,Dirk Nowitzki,PF,Jul-00,245,Dallas Mavericks,Western All-Star Coaches Selection,1998 Rnd 1 Pick 9,Germany,,1
2004,Rashard Lewis,F,10-Jun,235,Seattle SuperSonics,Western All-Star Coaches Selection,1998 Rnd 2 Pick 3,United States,,1
2004,Allen Iverson,G,Jun-00,165,Philadelphia Sixers,Eastern All-Star Fan Vote Selection,1996 Rnd 1 Pick 1,United States,,1
2004,LeBron James,F,08-Jun,250,Cleveland Cavaliers,Eastern All-Star Fan Vote Selection,2003 Rnd 1 Pick 1,United States,,1
2004,Vince Carter,SF,06-Jun,220,New Jersey Nets,Eastern All-Star Fan Vote Selection,1998 Rnd 1 Pick 5,United States,,1
2004,Shaquille O'Neal,C,01-Jul,325,Miami Heat,Eastern All-Star Fan Vote Selection,1992 Rnd 1 Pick 1,United States,,1
2004,Grant Hill,SF,08-Jun,225,Orlando Magic,Eastern All-Star Fan Vote Selection,1994 Rnd 1 Pick 3,United States,,1
2004,Gilbert Arenas,G,03-Jun,191,Washington Wizards,Eastern All-Star Coaches Selection,2001 Rnd 2 Pick 2,United States,,1
2004,Antawn Jamison,F,09-Jun,235,Washington Wizards,Eastern All-Star Coaches Selection,1998 Rnd 1 Pick 4,United States,,1
2004,Dwyane Wade,SG,04-Jun,220,Miami Heat,Eastern All-Star Coaches Selection,2003 Rnd 1 Pick 5,United States,,1
2004,Zydrunas Ilgauskas,C,03-Jul,260,Cleveland Cavaliers,Eastern All-Star Coaches Selection,1996 Rnd 1 Pick 20,Lithuania,,1
2004,Jermaine O'Neal,FC,11-Jun,235,Indiana Pacers,Eastern All-Star Coaches Selection,1996 Rnd 1 Pick 17,United States,,1
2004,Ben Wallace,FC,09-Jun,240,Detroit Pistons,Eastern All-Star Coaches Selection,"1996 NBA Draft, Undrafted",United States,,1
2004,Paul Pierce,SF,07-Jun,235,Boston Celtics,Eastern All-Star Coaches Selection,1998 Rnd 1 Pick 10,United States,,1
2003,Steve Francis,G,03-Jun,195,Houston Rockets,Western All-Star Fan Vote Selection,1999 Rnd 1 Pick 2,United States,,1
2003,Yao Ming,C,06-Jul,310,Houston Rockets,Western All-Star Fan Vote Selection,2002 Rnd 1 Pick 1,China,,1
2003,Kobe Bryant,SG,06-Jun,212,Los Angeles Lakers,Western All-Star Fan Vote Selection,1996 Rnd 1 Pick 13,United States,,1
2003,Kevin Garnett,PF,11-Jun,240,Minnesota Timberwolves,Western All-Star Fan Vote Selection,1995 Rnd 1 Pick 5,United States,,1
2003,Tim Duncan,FC,11-Jun,250,San Antonio Spurs,Western All-Star Fan Vote Selection,1997 Rnd 1 Pick 1,United States,,1
2003,Shaquille O'Neal,C,01-Jul,325,Los Angeles Lakers,Western All-Star Coaches Selection,1992 Rnd 1 Pick 1,United States,,1
2003,Andrei Kirilenko,PF,09-Jun,235,Utah Jazz,Western All-Star Coaches Selection,1999 Rnd 1 Pick 24,Russia,,1
2003,Dirk Nowitzki,PF,Jul-00,245,Dallas Mavericks,Western All-Star Coaches Selection,1998 Rnd 1 Pick 9,Germany,,1
2003,Peja Stojakovic,F,10-Jun,229,Sacramento Kings,Western All-Star Coaches Selection,1996 Rnd 1 Pick 14,"Serbia
Greece",,1
2003,Ray Allen,SG,05-Jun,205,Seattle SuperSonics,Western All-Star Coaches Selection,1996 Rnd 1 Pick 5,United States,,1
2003,Brad Miller,C,Jul-00,261,Sacramento Kings,Western All-Star Coaches Selection,"1998 NBA Draft, Undrafted",United States,,1
2003,Sam Cassell,G,03-Jun,185,Minnesota Timberwolves,Western All-Star Coaches Selection,1993 Rnd 1 Pick 24,United States,,1
2003,Ben Wallace,FC,09-Jun,240,Detroit Pistons,Eastern All-Star Fan Vote Selection,"1996 NBA Draft, Undrafted",United States,,1
2003,Jermaine O'Neal,FC,11-Jun,235,Indiana Pacers,Eastern All-Star Fan Vote Selection,1996 Rnd 1 Pick 17,United States,,1
2003,Tracy McGrady,GF,08-Jun,210,Orlando Magic,Eastern All-Star Fan Vote Selection,1997 Rnd 1 Pick 9,United States,,1
2003,Allen Iverson,G,Jun-00,165,Philadelphia Sixers,Eastern All-Star Fan Vote Selection,1996 Rnd 1 Pick 1,United States,,1
2003,Vince Carter,SF,06-Jun,220,Toronto Raptors,Eastern All-Star Fan Vote Selection,1998 Rnd 1 Pick 5,United States,,1
2003,Jason Kidd,PG,04-Jun,210,New Jersey Nets,Eastern All-Star Coaches Selection,1994 Rnd 1 Pick 2,United States,,1
2003,Paul Pierce,SF,07-Jun,235,Boston Celtics,Eastern All-Star Coaches Selection,1998 Rnd 1 Pick 10,United States,,1
2003,Baron Davis,G,03-Jun,215,New Orleans Hornets,Eastern All-Star Coaches Selection,1999 Rnd 1 Pick 3,United States,,1
2003,Metta World Peace,SF,07-Jun,260,Indiana Pacers,Eastern All-Star Coaches Selection,1999 Rnd 1 Pick 16,United States,,1
2003,Michael Redd,G,06-Jun,220,Milwaukee Bucks,Eastern All-Star Coaches Selection,2000 Rnd 2 Pick 14,United States,,1
2003,Kenyon Martin,F,09-Jun,240,New Jersey Nets,Eastern All-Star Coaches Selection,2000 Rnd 1 Pick 1,United States,,1
2003,Jamaal Magloire,C,11-Jun,259,New Orleans Hornets,Eastern All-Star Coaches Selection,2000 Rnd 1 Pick 19,Canada,,1
2002,Ben Wallace,FC,09-Jun,240,Detroit Pistons,Eastern All-Star Fan Vote Selection,"1996 NBA Draft, Undrafted",United States,,1
2002,Jermaine O'Neal,FC,11-Jun,235,Indiana Pacers,Eastern All-Star Fan Vote Selection,1996 Rnd 1 Pick 17,United States,,1
2002,Tracy McGrady,GF,08-Jun,210,Orlando Magic,Eastern All-Star Fan Vote Selection,1997 Rnd 1 Pick 9,United States,,1
2002,Allen Iverson,G,Jun-00,165,Philadelphia Sixers,Eastern All-Star Fan Vote Selection,1996 Rnd 1 Pick 1,United States,,1
2002,Jason Kidd,PG,04-Jun,210,New Jersey Nets,Eastern All-Star Coaches Selection,1994 Rnd 1 Pick 2,United States,,1
2002,Paul Pierce,SF,07-Jun,235,Boston Celtics,Eastern All-Star Coaches Selection,1998 Rnd 1 Pick 10,United States,,1
2002,Antoine Walker,F,09-Jun,265,Boston Celtics,Eastern All-Star Coaches Selection,1996 Rnd 1 Pick 6,United States,,1
2002,Zydrunas Ilgauskas,C,03-Jul,260,Cleveland Cavaliers,Eastern All-Star Coaches Selection,1996 Rnd 1 Pick 20,Lithuania,,1
2002,Michael Jordan,SG,06-Jun,215,Washington Wizards,Eastern All-Star Fan Vote Selection,1984 Rnd 1 Pick 3,United States,,1
2002,Jamal Mashburn,SF,08-Jun,247,New Orleans Hornets,Eastern All-Star Coaches Selection,1993 Rnd 1 Pick 4,United States,,1
2002,Vince Carter,SF,06-Jun,220,Toronto Raptors,Eastern All-Star Coaches Selection,1998 Rnd 1 Pick 5,United States,,1
2002,Brad Miller,C,Jul-00,261,Indiana Pacers,Eastern All-Star Coaches Selection,"1998 NBA Draft, Undrafted",United States,,1
2002,Steve Francis,G,03-Jun,195,Houston Rockets,Western All-Star Fan Vote Selection,1999 Rnd 1 Pick 2,United States,,1
2002,Yao Ming,C,06-Jul,310,Houston Rockets,Western All-Star Fan Vote Selection,2002 Rnd 1 Pick 1,China,,1
2002,Kobe Bryant,SG,06-Jun,212,Los Angeles Lakers,Western All-Star Fan Vote Selection,1996 Rnd 1 Pick 13,United States,,1
2002,Kevin Garnett,PF,11-Jun,240,Minnesota Timberwolves,Western All-Star Fan Vote Selection,1995 Rnd 1 Pick 5,United States,,1
2002,Tim Duncan,FC,11-Jun,250,San Antonio Spurs,Western All-Star Fan Vote Selection,1997 Rnd 1 Pick 1,United States,,1
2002,Shaquille O'Neal,C,01-Jul,325,Los Angeles Lakers,Western All-Star Coaches Selection,1992 Rnd 1 Pick 1,United States,,1
2002,Stephon Marbury,G,02-Jun,180,Phoenix Suns,Western All-Star Coaches Selection,1996 Rnd 1 Pick 4,United States,,1
2002,Shawn Marion,F,07-Jun,228,Phoenix Suns,Western All-Star Coaches Selection,1999 Rnd 1 Pick 9,United States,,1
2002,Steve Nash,G,03-Jun,178,Dallas Mavericks,Western All-Star Coaches Selection,1996 Rnd 1 Pick 15,"Canada
South Africa",,1
2002,Dirk Nowitzki,PF,Jul-00,245,Dallas Mavericks,Western All-Star Coaches Selection,1998 Rnd 1 Pick 9,Germany,,1
2002,Gary Payton,G,04-Jun,180,Seattle SuperSonics,Western All-Star Coaches Selection,1990 Rnd 1 Pick 2,United States,,1
2002,Peja Stojakovic,F,10-Jun,229,Sacramento Kings,Western All-Star Replacement Selection,1996 Rnd 1 Pick 14,"Serbia
Greece",,1
2002,Chris Webber,F-C,09-Jun,245,Sacramento Kings,Western All-Star Coaches Selection,1993 Rnd 1 Pick 1,United States,,1
2001,Dikembe Mutombo,C,02-Jul,260,Philadelphia Sixers,Eastern All-Star Fan Vote Selection,1991 Rnd 1 Pick 4,Democratic Republic of the Congo,,1
2001,Vince Carter,SF,06-Jun,220,Toronto Raptors,Eastern All-Star Fan Vote Selection,1998 Rnd 1 Pick 5,United States,,1
2001,Antoine Walker,F,09-Jun,265,Boston Celtics,Eastern All-Star Fan Vote Selection,1996 Rnd 1 Pick 6,United States,,1
2001,Allen Iverson,G,Jun-00,165,Philadelphia Sixers,Eastern All-Star Fan Vote Selection,1996 Rnd 1 Pick 1,United States,,1
2001,Ray Allen,SG,05-Jun,205,Milwaukee Bucks,Eastern All-Star Coaches Selection,1996 Rnd 1 Pick 5,United States,,1
2001,Shareef Abdur-Rahim,F,09-Jun,225,Atlanta Hawks,Eastern All-Star Coaches Selection,1996 Rnd 1 Pick 3,United States,,1
2001,Jason Kidd,PG,04-Jun,210,New Jersey Nets,Eastern All-Star Coaches Selection,1994 Rnd 1 Pick 2,United States,,1
2001,Tracy McGrady,GF,08-Jun,210,Orlando Magic,Eastern All-Star Coaches Selection,1997 Rnd 1 Pick 9,United States,,1
2001,Alonzo Mourning,C,10-Jun,240,Miami Heat,Eastern All-Star Coaches Selection,1992 Rnd 1 Pick 2,United States,,1
2001,Paul Pierce,SF,07-Jun,235,Boston Celtics,Eastern All-Star Coaches Selection,1998 Rnd 1 Pick 10,United States,,1
2001,Jermaine O'Neal,FC,11-Jun,235,Indiana Pacers,Eastern All-Star Coaches Selection,1996 Rnd 1 Pick 17,United States,,1
2001,Baron Davis,G,03-Jun,215,Charlotte Hornets,Eastern All-Star Replacement Selection,1999 Rnd 1 Pick 3,United States,,1
2001,Michael Jordan,SG,06-Jun,215,Washington Wizards,Eastern All-Star Fan Vote Selection,1984 Rnd 1 Pick 3,United States,,1
2001,Shaquille O'Neal,C,01-Jul,325,Los Angeles Lakers,Western All-Star Fan Vote Selection,1992 Rnd 1 Pick 1,United States,,1
2001,Tim Duncan,FC,11-Jun,250,San Antonio Spurs,Western All-Star Fan Vote Selection,1997 Rnd 1 Pick 1,United States,,1
2001,Kevin Garnett,PF,11-Jun,240,Minnesota Timberwolves,Western All-Star Fan Vote Selection,1995 Rnd 1 Pick 5,United States,,1
2001,Kobe Bryant,SG,06-Jun,212,Los Angeles Lakers,Western All-Star Fan Vote Selection,1996 Rnd 1 Pick 13,United States,,1
2001,Steve Francis,G,03-Jun,195,Houston Rockets,Western All-Star Fan Vote Selection,1999 Rnd 1 Pick 2,United States,,1
2001,Karl Malone,PF,09-Jun,265,Utah Jazz,Western All-Star Coaches Selection,1985 Rnd 1 Pick 13,United States,,1
2001,Steve Nash,G,03-Jun,178,Dallas Mavericks,Western All-Star Coaches Selection,1996 Rnd 1 Pick 15,"Canada
South Africa",,1
2001,Dirk Nowitzki,PF,Jul-00,245,Dallas Mavericks,Western All-Star Coaches Selection,1998 Rnd 1 Pick 9,Germany,,1
2001,Gary Payton,G,04-Jun,180,Seattle SuperSonics,Western All-Star Coaches Selection,1990 Rnd 1 Pick 2,United States,,1
2001,Peja Stojakovic,F,10-Jun,229,Sacramento Kings,Western All-Star Coaches Selection,1996 Rnd 1 Pick 14,"Serbia
Greece",,1
2001,Wally Szczerbiak,F,07-Jun,240,Minnesota Timberwolves,Western All-Star Coaches Selection,1999 Rnd 1 Pick 6,"United States
Spain",,1
2001,Chris Webber,F-C,09-Jun,245,Sacramento Kings,Western All-Star Coaches Selection,1993 Rnd 1 Pick 1,United States,,1
2001,Elton Brand,PF,09-Jun,254,Los Angeles Clippers,Western All-Star Replacement Selection,1999 Rnd 1 Pick 1,United States,,1
2000,Allen Iverson,G,Jun-00,165,Philadelphia Sixers,Eastern All-Star Fan Vote Selection,1996 Rnd 1 Pick 1,United States,,1
2000,Tracy McGrady,GF,08-Jun,210,Orlando Magic,Eastern All-Star Fan Vote Selection,1997 Rnd 1 Pick 9,United States,,1
2000,Vince Carter,SF,06-Jun,220,Toronto Raptors,Eastern All-Star Fan Vote Selection,1998 Rnd 1 Pick 5,United States,,1
2000,Alonzo Mourning,C,10-Jun,240,Miami Heat,Eastern All-Star Fan Vote Selection,1992 Rnd 1 Pick 2,United States,,1
2000,Grant Hill,SF,08-Jun,225,Orlando Magic,Eastern All-Star Fan Vote Selection,1994 Rnd 1 Pick 3,United States,,1
2000,Ray Allen,SG,05-Jun,205,Milwaukee Bucks,Eastern All-Star Coaches Selection,1996 Rnd 1 Pick 5,United States,,1
2000,Antonio Davis,FC,09-Jun,245,Toronto Raptors,Eastern All-Star Replacement Selection,1990 Rnd 2 Pick 18,United States,,1
2000,Theo Ratliff,C,10-Jun,235,Philadelphia Sixers,Eastern All-Star Coaches Selection,1995 Rnd 1 Pick 18,United States,,1
2000,Glenn Robinson,SF,07-Jun,225,Milwaukee Bucks,Eastern All-Star Coaches Selection,1994 Rnd 1 Pick 1,United States,,1
2000,Jerry Stackhouse,SF,06-Jun,218,Detroit Pistons,Eastern All-Star Coaches Selection,1995 Rnd 1 Pick 3,United States,,1
2000,Stephon Marbury,G,02-Jun,180,New Jersey Nets,Eastern All-Star Coaches Selection,1996 Rnd 1 Pick 4,United States,,1
2000,Anthony Mason,PF,07-Jun,250,Miami Heat,Eastern All-Star Coaches Selection,1988 Rnd 3 Pick 3,United States,,1
2000,Dikembe Mutombo,C,02-Jul,260,Atlanta Hawks,Eastern All-Star Replacement Selection,1991 Rnd 1 Pick 4,Democratic Republic of the Congo,,1
2000,Latrell Sprewell,SG,05-Jun,190,New York Knicks,Eastern All-Star Replacement Selection,1992 Rnd 1 Pick 24,United States,,1
2000,Allan Houston,G,06-Jun,205,New York Knicks,Eastern All-Star Coaches Selection,1993 Rnd 1 Pick 11,United States,,1
2000,Jason Kidd,PG,04-Jun,210,Phoenix Suns,Western All-Star Fan Vote Selection,1994 Rnd 1 Pick 2,United States,,1
2000,Kobe Bryant,SG,06-Jun,212,Los Angeles Lakers,Western All-Star Fan Vote Selection,1996 Rnd 1 Pick 13,United States,,1
2000,Tim Duncan,FC,11-Jun,250,San Antonio Spurs,Western All-Star Fan Vote Selection,1997 Rnd 1 Pick 1,United States,,1
2000,Shaquille O'Neal,C,01-Jul,325,Los Angeles Lakers,Western All-Star Fan Vote Selection,1992 Rnd 1 Pick 1,United States,,1
2000,Chris Webber,F-C,09-Jun,245,Sacramento Kings,Western All-Star Fan Vote Selection,1993 Rnd 1 Pick 1,United States,,1
2000,Michael Finley,G-F,07-Jun,225,Dallas Mavericks,Western All-Star Coaches Selection,1995 Rnd 1 Pick 21,United States,,1
2000,Kevin Garnett,PF,11-Jun,240,Minnesota Timberwolves,Western All-Star Coaches Selection,1995 Rnd 1 Pick 5,United States,,1
2000,Karl Malone,PF,09-Jun,265,Utah Jazz,Western All-Star Coaches Selection,1985 Rnd 1 Pick 13,United States,,1
2000,Antonio McDyess,F,09-Jun,245,Denver Nuggets,Western All-Star Coaches Selection,1995 Rnd 1 Pick 2,United States,,1
2000,Gary Payton,G,04-Jun,180,Seattle SuperSonics,Western All-Star Coaches Selection,1990 Rnd 1 Pick 2,United States,,1
2000,Rasheed Wallace,FC,11-Jun,230,Portland Trail Blazers,Western All-Star Coaches Selection,1995 Rnd 1 Pick 4,United States,,1
2000,David Robinson,C,01-Jul,250,San Antonio Spurs,Western All-Star Coaches Selection,1987 Rnd 1 Pick 1,United States,,1
2000,Vlade Divac,C,01-Jul,260,Sacramento Kings,Western All-Star Replacement Selection,1989 Rnd 1 Pick 26,Serbia,,1
2017,Kyrie Irving,,,,,,,,,1
2017,DeMar DeRozan,,,,,,,,,1
2017,LeBron James,,,,,,,,,1
2017,Giannis Antetokounmpo,,,,,,,,,1
2017,Jimmy Butler,,,,,,,,,1
2017,Isaiah Thomas,,,,,,,,,1
2017,John Wall,,,,,,,,,1
2017,Carmelo Anthony*,,,,,,,,,1
2017,Kyle Lowry,,,,,,,,,1
2017,Paul George,,,,,,,,,1
2017,Kemba Walker,,,,,,,,,1
2017,Paul Millsap,,,,,,,,,1
2017,Stephen Curry,,,,,,,,,1
2017,James Harden,,,,,,,,,1
2017,Kevin Durant,,,,,,,,,1
2017,Kawhi Leonard,,,,,,,,,1
2017,Anthony Davis,,,,,,,,,1
2017,Russell Westbrook,,,,,,,,,1
2017,Klay Thompson,,,,,,,,,1
2017,Draymond Green,,,,,,,,,1
2017,DeMarcus Cousins,,,,,,,,,1
2017,Marc Gasol,,,,,,,,,1
2017,DeAndre Jordan,,,,,,,,,1
2017,Gordon Hayward,,,,,,,,,1
